<?xml version="1.0" encoding="UTF-8"?>
<?xml-model href="orange_RelaxNG_3.rnc" type="application/relax-ng-compact-syntax"?>
<root>
    <metadata>
    <title>Simple Cake Recipe</title>
    <author>Larry Madrigal</author>
    </metadata>
    
    <recipe>
        <ingredients>
        <item>2 cups sugar</item>
        <item>1 3/4 cups all-purpose flour</item>
        <item>3/4 cup cocoa</item>
        <item>1 1/2 teaspoons baking powder</item>
        <item>1 1/2 teaspoons baking soda</item>
        <item>1 teaspoon salt</item>
        <item>2 eggs</item>
        <item>1 cup milk</item>
        <item>1/2 cup vegetable oil</item>
        <item>2 teaspoons vanilla extract</item>
        <item>1 cup boiling water</item>
    </ingredients>
    
    <directions>
        <step>
            <number>1</number>
            <instruction>Preheat oven to 350 degrees F. Grease and flour two 9-inch round baking pans.</instruction>
        </step>
        <step>
            <number>2</number>
            <instruction>In a large bowl, combine the sugar, flour, cocoa, baking powder, baking soda, and salt. Add eggs, milk, oil, and vanilla. Mix until smooth. Stir in boiling water (batter will be thin). Pour batter into prepared pans.</instruction>
        </step>
        <step>
            <number>3</number>
            <instruction>Bake 30 to 35 minutes or until a toothpick inserted in the center comes out clean. Cool completely.</instruction>
        </step>
    </directions>
    </recipe>
</root>
