<?xml version="1.0" encoding="UTF-8"?>
<?xml-model href="orange_RelaxNG_3.rnc" type="application/relax-ng-compact-syntax"?>
<root>
    <metadata>
    <title>Simple Cake Recipe</title> by
    <author>Larry Madrigal</author>
    </metadata>
    
    <recipe>
        <ingredients>
            <item xsd_float="2.0">2 cups sugar</item>
            <item xsd_float="1.75">1 3/4 cups all-purpose flour</item>
            <item xsd_float="0.75">3/4 cup cocoa</item>
            <item xsd_float="1.5">1 1/2 teaspoons baking powder</item>
            <item xsd_float="1.5">1 1/2 teaspoons baking soda</item>
            <item xsd_float="1.0">1 teaspoon salt</item>
            <item xsd_float="2.0">2 eggs</item>
            <item xsd_float="1.0">1 cup milk</item>
            <item xsd_float="0.5">1/2 cup vegetable oil</item>
            <item xsd_float="2.0">2 teaspoons vanilla extract</item>
            <item xsd_float="1.0">1 cup boiling water</item>
            
    </ingredients>
    
    <directions>
        <step>
            <number when="1">1</number>
            <instruction>Preheat oven to 350 degrees F. Grease and flour two 9-inch round baking pans.</instruction>
        </step>
        <step>
            <number when="2">2</number>
            <instruction>In a large bowl, combine the sugar, flour, cocoa, baking powder, baking soda, and salt. Add eggs, milk, oil, and vanilla. Mix until smooth. Stir in boiling water (batter will be thin). Pour batter into prepared pans.</instruction>
        </step>
        <step>
            <number when="3">3</number>
            <instruction>Bake 30 to 35 minutes or until a toothpick inserted in the center comes out clean. Cool completely.</instruction>
        </step>
    </directions>
    </recipe>
    <source type="xsd:anyURI">https://github.com/LarryMad/recipes/blob/master/cake-recipe.txt</source>
</root>
